<assembly
        xmlns="http://maven.apache.org/plugins/maven-assembly-plugin/assembly/1.1.2"
        xmlns:xsi="http://www.w3.org/2001/XMLSchema-instance"
        xsi:schemaLocation="http://maven.apache.org/plugins/maven-assembly-plugin/assembly/1.1.2 http://maven.apache.org/xsd/assembly-1.1.2.xsd">
    <id>taglib</id>
    <formats>
        <format>jar</format>
    </formats>
    <includeBaseDirectory>false</includeBaseDirectory>
    <fileSets>
        <fileSet>
            <outputDirectory>META-INF/tags/admin</outputDirectory>
            <directory>${project.basedir}/../src/web/WEB-INF/tags/admin</directory>
            <includes>
                <include>**/*.tag</include>
                <include>**/*.tagx</include>
            </includes>
        </fileSet>

        <fileSet>
            <outputDirectory>META-INF/</outputDirectory>
            <directory>${project.basedir}/src/main/webapp/META-INF/</directory>
            <includes>
                <include>*.tld</include>
            </includes>
        </fileSet>

    </fileSets>
</assembly>
